,building_blocks
0,Nc1ccnc(Cl)c1
1,Nc1cncc(F)c1
2,Nc1nc(-c2cccc([N+](=O)[O-])c2)cs1
3,Nc1nc(-c2cccnc2)cs1
4,Nc1nc(Cl)cc(Cl)n1
5,Nc1nc(Cl)ncc1Cl
6,Nc1ncc(Cl)c(Cl)n1
7,Nc1ncc(Cl)nc1Cl
8,Nc1ncc(F)cn1
9,Nc1ncc([N+](=O)[O-])cn1
10,Nc1ncc([N+](=O)[O-])s1
11,Nc1ncc[nH]c1=O
12,Nc1ncncc1Br
13,Nc1noc2ccc(F)cc12
14,C=CCNC(=O)CN.Cl
15,C=CCSCCN
16,CC(=O)SCCN.Cl
17,CC(=O)c1cccc(N)c1
18,CC(C)(C)NS(=O)(=O)c1cccc(N)c1
19,CC(C)(C)OC(=O)n1ncc2cc(N)ccc21
20,CC(C)(C)c1ccc(O)c(N)c1
21,CC(C)(C)c1ocnc1CN.Cl
22,CC(C)Cn1cnc2c(N)nc3ccccc3c21
23,CC(CN)N1CCC1
24,CC(CN)Oc1ccc(Cl)cc1
25,CC(F)(F)CN.Cl
26,CC1(C)CCOC1CCN
27,CC1(CN)CCC2(CC1)OCCO2
28,CC12CCC(CN)(C1)OC2.Cl
29,CCC#CCN
30,CCN1C(=O)C[C@H](CN)[C@H]1c1ccncc1
31,CCOC(=O)c1ccc(O)c(N)c1
32,CCOC(=O)c1cnc(N)cn1
33,CCON(CC)C(=O)CN.Cl
34,CCOc1cc(N)ccn1
35,CCS(=O)(=O)N1CC(CN)C1.Cl
36,CCSCCN.Cl
37,CN(C)C(=O)C1CCC(CN)O1.Cl
38,CN(C)c1nc(Cl)c(CN)s1.Cl.Cl
39,CN(CC(F)(F)F)C(=O)CN.Cl
40,CN1CCN(C(=O)CCN)CC1
41,CN1CCN(C(=O)CN)CC1
42,CN1CCN(CCN)CC1
43,CN1CCN(Cc2cccc(N)c2)CC1
44,CN1CCN(c2ccc(N)cc2F)CC1
45,CNC(=O)C(O)CN.Cl
46,CNC(=O)c1cc(Oc2ccc(N)cc2)ccn1
47,COC(=O)c1ccc(N)cc1O
48,COC(=O)c1ccnc(N)c1
49,COC(=O)c1cnc(N)cn1
50,COC(=O)c1cnccc1N
51,COC(=O)c1nc(Cl)c(Cl)nc1N
52,COC(=O)c1scnc1N
53,COC(CN)C1CCOC1
54,COC1(C(F)(F)CN)CCOCC1.Cl
55,COC[C@H](CN)OC
56,COc1cc(F)ccc1N
57,COc1ccc(N)cc1OC
58,COc1ccc(N)cn1
59,COc1ccc(N)nc1
60,COc1ccc(O)c(N)c1
61,COc1cccc(-c2cc(N)on2)c1
62,COc1cccc(N)c1F
63,COc1ccnc(N)n1
64,COc1nc(Cl)ncc1N
65,COc1ncc(N)cn1
66,CS(=O)(=O)CC1(CN)CCOCC1.Cl
67,CS(=O)(=O)Nc1ccc(-c2csc(N)n2)cc1
68,C[Si](C)(C)C#Cc1ccc(N)cn1
69,Cc1c(Br)cncc1CN.Cl.Cl
70,Cc1c(N)cccc1Br
71,Cc1c(N)cccc1F
72,Cc1cc(=O)oc2cc(N)ccc12
73,Cc1cc(C#N)cnc1N
74,Cc1cc(C)c(N)c([N+](=O)[O-])c1
75,Cc1cc(CN)ccc1Oc1ccc(Cl)cc1Cl.Cl
76,Cc1cc(F)ccc1N
77,Cc1cc(N)n(-c2ccccc2)n1
78,Cc1cc(N)n(C(C)C)n1
79,Cc1cc(N)ncc1[N+](=O)[O-]
80,Cc1cc([N+](=O)[O-])c(Cl)cc1N
81,Cc1ccc(F)c(N)c1
82,Cc1ccc(O)c(CN)n1.Cl.Cl
83,Cc1ccc2cccc(N)c2n1
84,Cc1cccc(N)c1Cl
85,Cc1ccccc1-n1nc(C)c(CN)c1C.Cl.Cl
86,Cc1ccnc(Cl)c1N
87,Cc1cnc(Cl)cc1N
88,Cc1ncc(N)cc1Br
89,Cc1sc(N)c(C#N)c1C
90,Cl.Cl.Cn1ccnc1Cn1c(CCCN)nc2c1CCCC2
91,Cl.Cl.NCC(=O)NCCN1CCOCC1
92,Cl.Cl.NCC1CCN(C(N)=O)C1
93,Cl.Cl.NCC1CCNC(=O)C1
94,Cl.Cl.NCCC(=O)Nc1ccncc1
95,Cl.Cl.NCCCN1CCNC(=O)C1
96,Cl.Cl.NCCNC(=O)c1cnccn1
97,Cl.Cl.NCCc1nc2c(s1)COCC2
98,Cl.Cl.NCCn1cc(C2CC2)nn1
99,Cl.Cl.NCc1cc2n(n1)CCCO2
100,Cl.Cl.NCc1ccc(-n2cncn2)cc1
101,Cl.Cl.NCc1cnsc1
102,Cl.Cl.NCc1nc(-c2ccncc2)no1
103,Cl.Cl.NCc1nnc(C2CCOC2)[nH]1
104,Cl.Cl.NCc1nnc2n1CCOCC2
105,Cl.NCC(=O)NC1CCC1
106,Cl.NCC(F)(F)CC1CC1
107,Cl.NCC1CC(=O)N(Cc2ccccc2)C1
108,Cl.NCC1CC(CC(N)=O)CO1
109,Cl.NCC1CCN(c2ccc(Br)cc2)C1
110,Cl.NCC1CCOC2(CCOCC2)C1
111,Cl.NCC1CNC(=O)C1
112,Cl.NCCC1CN(c2ncnc3[nH]ncc23)c2ccccc21
113,Cl.NCCN1C(=O)c2ccccc2S1(=O)=O
114,Cl.NCCOCC(F)F
115,Cl.NCCc1cc(Br)c(Br)s1
116,Cl.NCc1ccc(-c2c[nH]c(=O)[nH]c2=O)cc1
117,Cl.NCc1ccc(CN2C(=O)CNC2=O)cc1
118,Cl.NCc1cccc2cc[nH]c12
119,Cl.NCc1nc2cc(F)ccc2o1
120,Cl.NCc1nc2ccccc2o1
121,Cl.NCc1nnc2c(=O)[nH]ccn12
122,Cl.Nc1cccc2c(=O)cc(-c3nn[nH]n3)oc12
123,Cl.Nc1ncns1
124,Cn1cc(-c2ccccc2CN)cn1
125,N#Cc1cc(N)ccc1F
126,N#Cc1cccnc1N
127,N#Cc1ccnc(N)c1
128,N#Cc1ncc(N)cc1C(F)(F)F
129,NC/C=C/Br
130,NC1COC1
131,NCC(O)COc1cccc(Cl)c1Cl
132,NCC1(O)CCCC1
133,NCCC(=O)NC1CCCC1
134,NCCC1SCCS1
135,NCCN1CCC2(C1)OCCO2
136,NCc1cccnc1
137,NCc1cccs1
138,NCc1ccnc(-n2cncn2)c1
139,NCc1cn(C(F)F)c2ccccc12
140,Nc1c(F)cccc1F
141,Nc1cc(Cl)ccn1
142,Nc1cc(Cl)ncn1
143,Nc1cc(N2CCNCC2)ccc1[N+](=O)[O-]
144,Nc1ccc(-c2ccccc2)cn1
145,Nc1ccc(-c2ncc[nH]2)cc1
146,Nc1ccc(Cl)cc1F
147,Nc1ccc(F)c(Cl)c1
148,Nc1ccc(F)c(Cl)c1F
149,Nc1ccc(F)c([N+](=O)[O-])c1
150,Nc1ccc(F)cc1F
151,Nc1ccc(F)nc1
152,Nc1ccc(N2CCC(N3CCOCC3)CC2)cc1
153,Nc1ccc(OC(F)(F)F)c(Cl)c1
154,Nc1ccc([N+](=O)[O-])c(Br)c1
155,Nc1ccc2c(c1)CNC2=O
156,Nc1ccc2cnccc2c1
157,Nc1ccc2ncccc2c1
158,Nc1cccc(-n2cncn2)c1
159,Nc1cccc(CN2CCCCC2)c1
160,Nc1cccc(F)n1
161,Nc1cccc(N2CCOCC2)c1
162,Nc1cccc2c(=O)[nH][nH]c(=O)c12
163,Nc1cccc2cnccc12
164,Cc1cnc(CN)o1.Cl
165,Cc1cnc(F)c(CN)c1
166,Cc1n[nH]c(N)c1C
167,Cc1nnc(N)o1
168,Cl.Cl.NCc1ccc2scnc2c1
169,Cn1nnc(N)n1
170,N#Cc1ccc2nc(N)sc2c1
171,N#Cc1cnc2c(C#N)cnn2c1N
172,NCC(O)c1ccc(Cl)s1.O=C(O)C(F)(F)F
173,NCC1(c2ccc3c(c2)OCO3)CCCCC1
174,NCCc1nccc(C2CC2)n1
175,NCc1ccc(C(=O)N2CCCC2)cc1
176,NCc1ccc(F)nc1
177,NCc1ccon1
178,NCc1ccsc1
179,NCc1cn2cccc(F)c2n1
180,Nc1cc[nH]n1
181,Nc1ccc2nccn2c1
182,Nc1n[nH]c2c(Cl)cc([N+](=O)[O-])cc12
183,Nc1n[nH]c2c(F)c(F)ccc12
184,Nc1n[nH]c2cc(F)ccc12
185,Nc1n[nH]c2ncccc12
186,Nc1nc(Cl)c(C=O)c(Cl)n1
187,Nc1nc2c(Br)cccc2s1
188,Nc1nc2cc(Br)ccn2n1
189,Nc1nc2cccc(Br)n2n1
190,Nc1nc2ccccc2o1
191,Nc1nc[nH]n1
192,Nc1ncnc2[nH]ncc12
193,Nc1nnn[nH]1
194,CC(CN)c1nccs1
195,CC1Cc2cc(CN)ccc2O1
196,CCOC(=O)c1nnc(N)o1
197,COC(=O)c1sc(-c2ccc(Cl)cc2)cc1N
198,COc1ccc(CN)cc1CN1CCOCC1.Cl.Cl
199,COc1ccc2nnc(CN)n2n1
200,Cc1cc(Cl)nc(Cl)c1N
201,Cc1ccc(C)c(CN)n1
202,Cc1ccc(CN)c(Cl)n1
203,Cc1ccc(CN)c(OC2CCOC2)c1
204,Cc1cccc2sc(N)nc12
205,C=CC[C@H](NC(=O)OCC1c2ccccc2-c2ccccc21)C(=O)O
206,CCc1cccc(NC(=O)OCC2c3ccccc3-c3ccccc32)c1C(=O)O
207,COC(=O)c1ccc(C(=O)O)c(NC(=O)OCC2c3ccccc3-c3ccccc32)c1
208,COc1cc(C(=O)O)c(NC(=O)OCC2c3ccccc3-c3ccccc32)cn1
209,COc1ccc(C[C@H](NC(=O)OCC2c3ccccc3-c3ccccc32)C(=O)O)cc1OC
210,COc1cccc(NC(=O)OCC2c3ccccc3-c3ccccc32)c1C(=O)O
211,COc1nccc(C(=O)O)c1NC(=O)OCC1c2ccccc2-c2ccccc21
212,C[C@@]1(C(=O)O)CCCN1C(=O)OCC1c2ccccc2-c2ccccc21
213,Cc1ccc(C(=O)O)c(NC(=O)OCC2c3ccccc3-c3ccccc32)c1C
214,Cc1ccc(C(CC(=O)O)NC(=O)OCC2c3ccccc3-c3ccccc32)cc1
215,Cc1ccc(C[C@H](NC(=O)OCC2c3ccccc3-c3ccccc32)C(=O)O)cc1
216,O=C(NC(Cc1ccccc1)C(=O)O)OCC1c2ccccc2-c2ccccc21
217,O=C(NCC1CCC(C(=O)O)CC1)OCC1c2ccccc2-c2ccccc21
218,O=C(N[C@@H](CCC1CCCCC1)C(=O)O)OCC1c2ccccc2-c2ccccc21
219,O=C(N[C@@H](Cc1ccc(C(F)(F)F)cc1)C(=O)O)OCC1c2ccccc2-c2ccccc21
220,O=C(N[C@@H](Cc1ccc(F)cc1)C(=O)O)OCC1c2ccccc2-c2ccccc21
221,O=C(N[C@@H](Cc1ccc(F)cc1F)C(=O)O)OCC1c2ccccc2-c2ccccc21
222,O=C(N[C@@H](Cc1cccs1)C(=O)O)OCC1c2ccccc2-c2ccccc21
223,O=C(N[C@H](Cc1ccc(F)c(F)c1)C(=O)O)OCC1c2ccccc2-c2ccccc21
224,O=C(Nc1c(C(=O)O)cc(Cl)c(Br)c1F)OCC1c2ccccc2-c2ccccc21
225,O=C(Nc1c(Cl)c(Cl)nc(C(=O)O)c1Cl)OCC1c2ccccc2-c2ccccc21
226,O=C(Nc1c(F)cc(Br)cc1C(=O)O)OCC1c2ccccc2-c2ccccc21
227,O=C(Nc1c(F)cccc1C(=O)O)OCC1c2ccccc2-c2ccccc21
228,O=C(Nc1cc(-n2cccn2)ccc1C(=O)O)OCC1c2ccccc2-c2ccccc21
229,O=C(Nc1cc(C(=O)O)ccc1C(=O)O)OCC1c2ccccc2-c2ccccc21
230,O=C(Nc1cc(Cl)cc(C(=O)O)c1)OCC1c2ccccc2-c2ccccc21
231,O=C(Nc1cc(F)c(F)cc1C(=O)O)OCC1c2ccccc2-c2ccccc21
232,O=C(Nc1cc(I)ccc1C(=O)O)OCC1c2ccccc2-c2ccccc21
233,O=C(Nc1ccc(C(=O)O)cc1F)OCC1c2ccccc2-c2ccccc21
234,O=C(Nc1ccc(Cl)c(C(=O)O)c1)OCC1c2ccccc2-c2ccccc21
235,O=C(Nc1ccc(Cl)cc1C(=O)O)OCC1c2ccccc2-c2ccccc21
236,O=C(Nc1ccc2cc(C(=O)O)ccc2c1)OCC1c2ccccc2-c2ccccc21
237,O=C(O)C1CCN(C(=O)OCC2c3ccccc3-c3ccccc32)C1
238,O=C(O)C[C@@H](Cc1ccc(Cl)cc1)NC(=O)OCC1c2ccccc2-c2ccccc21
239,C#CC[C@H](CC(=O)O)NC(=O)OCC1c2ccccc2-c2ccccc21
240,CC(C)(C)OCC(NC(=O)OCC1c2ccccc2-c2ccccc21)C(=O)O
241,COc1cccc(C(=O)O)c1NC(=O)OCC1c2ccccc2-c2ccccc21
242,CSc1ncc(NC(=O)OCC2c3ccccc3-c3ccccc32)c(C(=O)O)n1
243,Cc1cc(C)c(NC(=O)OCC2c3ccccc3-c3ccccc32)c(C(=O)O)c1
244,O=C(N[C@@H](Cc1ccc(F)c(F)c1)C(=O)O)OCC1c2ccccc2-c2ccccc21
245,O=C(N[C@H](CC1CCCC1)C(=O)O)OCC1c2ccccc2-c2ccccc21
246,O=C(N[C@H](Cc1ccc(I)cc1)C(=O)O)OCC1c2ccccc2-c2ccccc21
247,O=C(Nc1c(Cl)cc(Cl)nc1C(=O)O)OCC1c2ccccc2-c2ccccc21
248,O=C(Nc1cc(Br)c(F)cc1C(=O)O)OCC1c2ccccc2-c2ccccc21
249,O=C(Nc1cc(C(=O)O)ccc1Cl)OCC1c2ccccc2-c2ccccc21
250,O=C(Nc1cc(F)cc(F)c1C(=O)O)OCC1c2ccccc2-c2ccccc21
251,O=C(Nc1ccc(C(=O)O)c(Cl)c1)OCC1c2ccccc2-c2ccccc21
252,O=C(Nc1ccc(C(=O)O)cc1C(F)(F)F)OCC1c2ccccc2-c2ccccc21
253,O=C(Nc1ccc([N+](=O)[O-])c(C(=O)O)c1)OCC1c2ccccc2-c2ccccc21
254,O=C(Nc1ccc([N+](=O)[O-])cc1C(=O)O)OCC1c2ccccc2-c2ccccc21
255,O=C(O)C[C@@H](NC(=O)OCC1c2ccccc2-c2ccccc21)c1ccc(Br)cc1
256,O=C(O)C[C@@H](NC(=O)OCC1c2ccccc2-c2ccccc21)c1cccc([N+](=O)[O-])c1
257,O=C(O)C[C@H](Cc1ccc(Cl)cc1)NC(=O)OCC1c2ccccc2-c2ccccc21
258,O=C(O)C[C@H]1Cc2ccccc2CN1C(=O)OCC1c2ccccc2-c2ccccc21
259,O=C(O)[C@@H]1CCCN1C(=O)OCC1c2ccccc2-c2ccccc21
260,COc1c(F)ccc(C(=O)O)c1NC(=O)OCC1c2ccccc2-c2ccccc21
261,COc1cc(NC(=O)OCC2c3ccccc3-c3ccccc32)c(C(=O)O)cc1OC
262,Cc1ccc(NC(=O)OCC2c3ccccc3-c3ccccc32)c(C(=O)O)c1
263,O=C(N[C@@H](C/C=C/c1ccccc1)C(=O)O)OCC1c2ccccc2-c2ccccc21
264,O=C(N[C@H](Cc1ccc([N+](=O)[O-])cc1)C(=O)O)OCC1c2ccccc2-c2ccccc21
265,O=C(Nc1c(C(=O)O)ccc2ccccc12)OCC1c2ccccc2-c2ccccc21
266,O=C(Nc1c(C(=O)O)cnn1CCO)OCC1c2ccccc2-c2ccccc21
267,O=C(O)C[C@@H](Cc1ccc(C(F)(F)F)cc1)NC(=O)OCC1c2ccccc2-c2ccccc21
268,[N-]=[N+]=NCCC[C@H](NC(=O)OCC1c2ccccc2-c2ccccc21)C(=O)O
269,Nc1ccnc(-c2ccccc2)c1
270,Nc1cnc(Cl)c(Cl)c1
271,Nc1cncc(Cl)n1
272,Nc1nc(-c2ccc(Cl)c(Cl)c2)cs1
273,Nc1nc(-c2ccc(F)cc2)cs1
274,Nc1nc(-c2ccccc2Cl)cs1
275,Nc1ncc(-c2ccccc2)s1
276,Nc1ncc(Cl)cc1Cl
277,Nc1ncc(Cl)cc1F
278,Nc1ncc(F)cc1[N+](=O)[O-]
279,Nc1nccc(Cl)n1
280,Nc1nccc2cccnc12
281,Nc1ncccc1CO
282,Nc1ncccc1F
283,Nc1nccnc1Br
284,Nc1ncco1
285,Nc1ncnc2c1ncn2C1CCCCO1
286,C#CCOc1ccc(CN)cc1.Cl
287,C=C(C)C(=O)NCCN.Cl
288,C=C(C)COCCN.Cl
289,C=C(Cl)CN.Cl
290,CC(C)(C)OC(=O)N1CCN(c2ccccc2N)CC1
291,CC(C)(CN)C(=O)N1CCCC1
292,CC(C)(CN)CCC#N
293,CC(C)c1nnc([C@H]2C[C@H](CN)[C@H](O)C2)[nH]1
294,CC(CN)S(=O)(=O)N1CCN(c2ccccc2)CC1.Cl.Cl
295,CC(CN)S(N)(=O)=O.Cl
296,CC(O)(CN)CN1CCOCC1
297,CC(O)CCN
298,CC1(C)OB(c2ccc(N)cc2)OC1(C)C
299,CC1(F)CCN(CCN)C1.Cl.Cl
300,CC1=CCN(CCN)CC1.Cl.Cl
301,CC1CCCC(CN)O1
302,CCC(C)(O)CCN
303,CCC(CC)(CN)OC
304,CCOC(=O)c1cnc(SC)nc1N
305,CCOC(=O)c1csc(N)n1
306,CCOC(CN)CN(C)C
307,CCOCCCN
308,CCON(C)C(=O)CN.Cl
309,CCS(=O)CCN.Cl
310,CCn1cc2cc(N)ccc2n1
311,CN(C)c1cccnc1CN
312,CN(Cc1ccco1)Cc1ccccc1CN
313,CN1CC2(CCC1CN)CC2.Cl.Cl
314,CNC(=O)c1ccc(N)cc1F
315,COC(=O)c1cc(Cl)ccc1N
316,COC(=O)c1cc(N)cc(O)c1
317,COC(=O)c1cc(N)ccc1Cl
318,COC(=O)c1cc(N)cs1
319,COC(=O)c1nccnc1N
320,COC(C)(CN)C1CC1
321,COC1(CN)CCC1
322,COC1(OC)CC(CN)C1
323,COC1CCC(CCN)CC1
324,COCC1(CN)CCCCC1
325,COCOCCCN
326,COCc1ccc(N)cc1
327,COCc1ccccc1CN
328,COc1cc(CN)c(Br)cn1
329,COc1ccc(C(CN)N2CCOCC2)cc1OC
330,COc1ccc(CN)c(C)c1OC
331,COc1ccc(N)c(Cl)c1
332,COc1ccc(N)cc1Cl.Cl
333,COc1ccc(OC)c(N)c1
334,COc1ccc([N+](=O)[O-])c(N)n1
335,COc1cnc(CN)cn1.Cl.Cl
336,COc1cnc(N)cn1
337,CS(=O)(=O)NC(=O)CCN.Cl
338,CS(=O)(=O)c1ccc(N)cc1
339,CS(=O)(=O)c1ccc(N)cc1F
340,CS(=O)(=O)c1cccc(N)c1
341,CS(=O)CCCCN
342,CSSCCN.Cl
343,CSc1ccc(CN)cc1C#N.Cl
344,Cc1[nH][nH]c(=O)c1CCN
345,Cc1cc(Cl)ncc1N
346,Cc1cc(F)ncc1CN
347,Cc1cc(N)on1
348,Cc1ccc(-c2cc(C(F)(F)F)nc(OCCN)n2)cc1
349,Cc1ccc([N+](=O)[O-])c(N)n1
350,Cc1cccnc1NC(=O)CCN.Cl.Cl
351,Cc1cn(-c2cc(N)cc(C(F)(F)F)c2)cn1
352,Cc1cnc(N)s1
353,Cc1nc(CN)ccc1C(C)O.Cl.Cl
354,Cc1nc(N)ccc1[N+](=O)[O-]
355,Cc1nccn1-c1ncccc1CN
356,Cc1nccnc1N
357,Cc1nn(C)c2ncc(CN)cc12.Cl
358,Cc1nnc(CCCN)s1.Cl
359,Cc1nnc(N)s1
360,Cc1sc(C)c(CN)c1Br.Cl
361,Cl.Cl.N=C(N)CCCN
362,Cl.Cl.NCCN1CCS(=O)CC1
363,Cl.Cl.NCc1cc(=O)nc[nH]1
364,Cl.Cl.NCc1cc(Br)cc2cccnc12
365,Cl.Cl.NCc1cn[nH]c1
366,Cl.Cl.NCc1nccc2[nH]ccc12
367,Cl.Cl.NCc1nccn1-c1ccccc1
368,Cl.Cn1c(CN)n[nH]c1=O
369,Cl.Cn1nnc(CN)c1C(F)F
370,Cl.N#CC1(NC(=O)CN)CC1
371,Cl.NCC(=O)N1CCCO1
372,Cl.NCC(F)(F)C1CC1
373,Cl.NCC1(F)CCCCC1
374,Cl.NCC1(O)C2C3CC4C5C3CC2C5C41
375,Cl.NCC1(OCCO)CCS(=O)(=O)C1
376,Cl.NCC1CC(C(N)=O)=NO1
377,Cl.NCC1CCC2(CCC2)CO1
378,Cl.NCC1Cc2ccccc2C1
379,Cl.NCC1Cc2ccccc2NC1=O
380,Cl.NCC=C(Cl)Cl
381,Cl.NCCCNC(=O)C1CCC1
382,Cl.NCCN1CCCS1(=O)=O
383,Cl.NCCNC(=O)c1ccc(Cl)cc1
384,Cl.NCCNC(=O)c1ccccc1F
385,Cl.NCCNC(=O)c1ccn[nH]1
386,Cl.NCCNC(=O)c1ccno1
387,Cl.NCCOC1CCS(=O)(=O)C1
388,Cl.NCCc1c[nH]c2cc(Cl)ccc12
389,Cl.NCCn1cnnn1
390,Cl.NC[C@@H]1CCCO1
391,Cl.NC[C@@H]1C[C@@H]2O[C@H]1[C@H]1C[C@H]12
392,Cl.NC[C@H]1CC[C@H](C(N)=O)CC1
393,Cl.NCc1cc(=O)[nH]c2ccccc12
394,Cl.NCc1ccc[nH]c1=O
395,Cl.NCc1cnoc1C1CC1
396,Cl.NCc1csc(=O)[nH]1
397,Cl.NCc1cscc1C(F)(F)F
398,Cl.NCc1noc(C2CCOCC2)n1
399,Cl.NCc1noc2ccc(F)cc12
400,Cl.Nc1cc(O)ccn1
401,Cl.Nc1ccc(O)cc1Cl
402,Cn1ncc2cc(N)ccc21
403,N#Cc1c(N)cccc1F
404,N#Cc1c(N)sc2c1CCCC2
405,N#Cc1ccc(N)c([N+](=O)[O-])c1
406,N#Cc1ccc(N)cc1C(F)(F)F
407,NCC1(CO)CCOC1
408,NCC1(Cc2ccccc2)CC1
409,NCC12CC=CC(C1)OC2
410,NCC1CCC(C(F)F)CC1
411,NCC1CCN(c2ccncc2)CC1
412,NCCCCN1CCCC1
413,NC[C@@H]1CCC(=O)N1
414,NC[C@@H]1C[C@@H]2C=C[C@H]1C2
415,NCc1cc(F)cc(F)c1
416,NCc1cccc2c1OCO2
417,NCc1ccccc1N1CCOCC1
418,Nc1cc(Br)ccc1CO
419,Nc1cc(Cl)nnc1Cl
420,Nc1cc(F)c(F)cc1Br
421,Nc1cc(F)c(F)cc1[N+](=O)[O-]
422,Nc1ccc(-n2cccc2)cc1
423,Nc1ccc(Cl)c(C(F)(F)F)c1
424,Nc1ccc(F)c(C(F)(F)F)c1
425,Nc1ccc(N2CCCC2=O)cc1
426,Nc1ccc(N2CCOCC2)c(F)c1
427,Nc1ccc(O)cc1C(F)(F)F
428,Nc1ccc(O)cn1
429,Nc1ccc([N+](=O)[O-])cn1
430,Nc1ccc2[nH]ncc2c1
431,Nc1ccc2c(c1)CCCC2=O
432,Nc1ccc2c(c1)OCCCO2
433,Nc1ccc2nccnc2c1
434,Nc1ccc2nccnc2c1Br
435,Nc1ccc2nsnc2c1
436,Nc1cccc2c1CN(C1CCC(=O)NC1=O)C2=O
437,Cc1conc1CN
438,Cc1nn(CCN)c(C)c1Cl
439,Cc1nnsc1CN
440,Cc1sc(CN)nc1C(C)C
441,Cl.Cl.NCC#Cc1cccnc1
442,Cl.Cl.NCc1nc2c(s1)CCC2
443,Cl.NCCS(=O)(=O)Nc1ccccc1
444,Cn1c(N)cc(=O)n(C)c1=O
445,Cn1cc(C(F)F)c(CN)n1
446,Cn1cc(N)cn1
447,Cn1nccc1[C@@H]1OCC[C@H]1CN
448,N#Cc1c[nH]nc1N
449,N#Cc1ccsc1N
450,NCC1CCCn2ccnc21
451,NCCS(=O)Cc1ccccc1
452,NCCc1ccc(N2CCOCC2)c(F)c1
453,NCCc1ncc(Br)s1
454,NCc1ccc(NC(=O)c2ccco2)cc1
455,NCc1cnc(-c2ccccc2)o1
456,NCc1cnc(N2CCOCC2)c(F)c1
457,Nc1[nH]c(=O)ncc1F
458,Nc1cc(=O)[nH]c(=O)[nH]1
459,Nc1cc(Br)cn2ccnc12
460,Nc1cc[nH]c(=O)c1
461,Nc1cc[nH]c(=O)n1
462,Nc1n[nH]c2cc(Cl)ccc12
463,Nc1n[nH]c2ccc([N+](=O)[O-])cc12
464,Nc1nc(=O)[nH]cc1Br
465,Nc1nc2c(s1)CCCC2
466,Nc1nc2c(s1)CN(C(=O)OCc1ccccc1)CC2
467,Nc1nc2cc([N+](=O)[O-])ccc2[nH]1
468,Nc1nc2ccccc2s1
469,Nc1nc2nc[nH]c2c(=O)[nH]1
470,Nc1ncnc(=O)[nH]1
471,CC(CN)Cn1cccn1
472,CC1CCc2nc(CN)sc2C1
473,CCc1cc(N)n[nH]1
474,CCn1cc(N)c(C)n1
475,CCn1nccc1CN
476,COC(=O)Cc1nc(N)sc1C
477,COC(=O)c1cc(Cl)nc(Cl)c1N
478,COC(=O)c1sccc1N
479,COc1c(N)ncnc1Cl
480,COc1cc(CN)sn1.Cl.Cl
481,Cc1cc(CN)c(C)[nH]1
482,Cc1cc(CN)c(C)o1
483,C#CC[C@@H](CC(=O)O)NC(=O)OCC1c2ccccc2-c2ccccc21
484,C#CC[C@@H](NC(=O)OCC1c2ccccc2-c2ccccc21)C(=O)O
485,CC(C)(C)OC(=O)N1CCN(C(=O)OCC2c3ccccc3-c3ccccc32)C1C(=O)O
486,CC(OC(C)(C)C)C(NC(=O)OCC1c2ccccc2-c2ccccc21)C(=O)O
487,COc1ccc(NC(=O)OCC2c3ccccc3-c3ccccc32)c(C(=O)O)c1
488,C[C@@H](OCc1ccccc1)[C@H](NC(=O)OCC1c2ccccc2-c2ccccc21)C(=O)O
489,Cc1cc(Cl)cc(C(=O)O)c1NC(=O)OCC1c2ccccc2-c2ccccc21
490,Cc1ccccc1[C@@H](CC(=O)O)NC(=O)OCC1c2ccccc2-c2ccccc21
491,N#Cc1ccc(C[C@@H](NC(=O)OCC2c3ccccc3-c3ccccc32)C(=O)O)cc1
492,N#Cc1ccc([C@H](CC(=O)O)NC(=O)OCC2c3ccccc3-c3ccccc32)cc1
493,N#Cc1cccc(C[C@H](CC(=O)O)NC(=O)OCC2c3ccccc3-c3ccccc32)c1
494,O=C(NC[C@H]1CC[C@H](C(=O)O)CC1)OCC1c2ccccc2-c2ccccc21
495,O=C(N[C@@H](Cc1ccccc1F)C(=O)O)OCC1c2ccccc2-c2ccccc21
496,O=C(N[C@@H](Cc1cccnc1)C(=O)O)OCC1c2ccccc2-c2ccccc21
497,O=C(N[C@@H](Cc1ccsc1)C(=O)O)OCC1c2ccccc2-c2ccccc21
498,O=C(N[C@H](C(=O)O)C1CCCCC1)OCC1c2ccccc2-c2ccccc21
499,O=C(N[C@H](Cc1cc(F)cc(F)c1)C(=O)O)OCC1c2ccccc2-c2ccccc21
500,O=C(N[C@H](Cc1ccc(-c2ccccc2)cc1)C(=O)O)OCC1c2ccccc2-c2ccccc21
501,O=C(N[C@H]1CC[C@@H](C(=O)O)C1)OCC1c2ccccc2-c2ccccc21
502,O=C(Nc1c(Cl)cccc1C(=O)O)OCC1c2ccccc2-c2ccccc21
503,O=C(Nc1cc(Br)ccc1C(=O)O)OCC1c2ccccc2-c2ccccc21
504,O=C(Nc1cc(Cl)ccc1C(=O)O)OCC1c2ccccc2-c2ccccc21
505,O=C(Nc1ccc(C(=O)O)c(F)c1)OCC1c2ccccc2-c2ccccc21
506,O=C(Nc1cccc(C(=O)O)c1C(=O)O)OCC1c2ccccc2-c2ccccc21
507,O=C(Nc1nc2ccc(C(=O)O)cc2s1)OCC1c2ccccc2-c2ccccc21
508,O=C(O)CC(NC(=O)OCC1c2ccccc2-c2ccccc21)c1ccc(Br)cc1
509,O=C(O)COC[C@H]1CCCN1C(=O)OCC1c2ccccc2-c2ccccc21
510,O=C(O)C[C@@H](Cc1ccc(Cl)c(Cl)c1)NC(=O)OCC1c2ccccc2-c2ccccc21
511,O=C(O)C[C@@H](Cc1cccs1)NC(=O)OCC1c2ccccc2-c2ccccc21
512,O=C(O)C[C@@H](NC(=O)OCC1c2ccccc2-c2ccccc21)c1ccc(C(F)(F)F)cc1
513,O=C(O)C[C@@H](NC(=O)OCC1c2ccccc2-c2ccccc21)c1ccc(Cl)cc1
514,O=C(O)[C@@H]1CSCN1C(=O)OCC1c2ccccc2-c2ccccc21
515,O=C(O)[C@@H]1C[C@@H]2CCCC[C@@H]2N1C(=O)OCC1c2ccccc2-c2ccccc21
516,O=C(O)[C@@H]1Cc2ccccc2N1C(=O)OCC1c2ccccc2-c2ccccc21
517,O=C(O)[C@H]1C[C@H](O)CN1C(=O)OCC1c2ccccc2-c2ccccc21
518,C=CCC[C@@H](NC(=O)OCC1c2ccccc2-c2ccccc21)C(=O)O
519,CC(C)(C)OC(=O)CCC(NC(=O)OCC1c2ccccc2-c2ccccc21)C(=O)O
520,CCCCC(NC(=O)OCC1c2ccccc2-c2ccccc21)C(=O)O
521,COc1ccc(C(=O)O)c(NC(=O)OCC2c3ccccc3-c3ccccc32)c1
522,N#Cc1ccc(NC(=O)OCC2c3ccccc3-c3ccccc32)c(C(=O)O)c1
523,O=C(N[C@@H](Cc1csc2ccccc12)C(=O)O)OCC1c2ccccc2-c2ccccc21
524,O=C(N[C@H](Cc1ccc(C(F)(F)F)cc1)C(=O)O)OCC1c2ccccc2-c2ccccc21
525,O=C(N[C@H]1C=C[C@@H](C(=O)O)C1)OCC1c2ccccc2-c2ccccc21
526,O=C(Nc1c(C(=O)O)ccc(Br)c1F)OCC1c2ccccc2-c2ccccc21
527,O=C(Nc1cc(Cl)nc(C(=O)O)c1Cl)OCC1c2ccccc2-c2ccccc21
528,O=C(Nc1ccc(C(=O)O)cc1)OCC1c2ccccc2-c2ccccc21
529,O=C(Nc1ccc(C(=O)O)cc1OC(F)(F)F)OCC1c2ccccc2-c2ccccc21
530,O=C(Nc1cnccc1C(=O)O)OCC1c2ccccc2-c2ccccc21
531,O=C(Nc1nc2cc(C(=O)O)ccc2[nH]1)OCC1c2ccccc2-c2ccccc21
532,O=C(O)C1CN(C(=O)OCC2c3ccccc3-c3ccccc32)C1
533,O=C(O)C[C@@H](Cc1ccc(Br)cc1)NC(=O)OCC1c2ccccc2-c2ccccc21
534,O=C(O)C[C@@H](Cc1ccc(Cl)cc1Cl)NC(=O)OCC1c2ccccc2-c2ccccc21
535,O=C(O)C[C@H](C/C=C/c1ccccc1)NC(=O)OCC1c2ccccc2-c2ccccc21
536,O=C(O)C[C@H](Cc1c(F)c(F)c(F)c(F)c1F)NC(=O)OCC1c2ccccc2-c2ccccc21
537,O=C(O)[C@@H]1Cc2ccc(O)cc2CN1C(=O)OCC1c2ccccc2-c2ccccc21
538,O=C(O)[C@H]1Cc2ccccc2CN1C(=O)OCC1c2ccccc2-c2ccccc21
539,COc1ccc([C@H](NC(=O)OCC2c3ccccc3-c3ccccc32)C(=O)O)cc1
540,Cc1cc(C(=O)O)ccc1NC(=O)OCC1c2ccccc2-c2ccccc21
541,O=C(NC1(C(=O)O)CC1)OCC1c2ccccc2-c2ccccc21
542,O=C(N[C@@H](Cc1ccco1)C(=O)O)OCC1c2ccccc2-c2ccccc21
543,O=C(N[C@H](C(=O)O)C1CCCC1)OCC1c2ccccc2-c2ccccc21
544,O=C(Nc1cc(Br)cc(C(=O)O)c1)OCC1c2ccccc2-c2ccccc21
545,O=C(Nc1cc(Cl)ncc1C(=O)O)OCC1c2ccccc2-c2ccccc21
546,O=C(Nc1cc([N+](=O)[O-])ccc1C(=O)O)OCC1c2ccccc2-c2ccccc21
547,O=C(O)C[C@@H](Cc1cccc(F)c1)NC(=O)OCC1c2ccccc2-c2ccccc21
548,O=C(O)C[C@H](Cc1ccc(F)cc1)NC(=O)OCC1c2ccccc2-c2ccccc21
549,Nc1ccncc1[N+](=O)[O-]
550,Nc1ccncn1
551,Nc1ccsc1.O=C(O)C(=O)O
552,Nc1cn[nH]c1
553,Nc1cnc(Br)cn1
554,Nc1cnc(Cl)cc1Cl
555,Nc1cncnc1
556,Nc1nc(F)cc(F)n1
557,Nc1nc(NCc2ccc(F)cc2)ccc1[N+](=O)[O-]
558,Nc1ncccc1C=O
559,Nc1nccnc1Cl
560,Nc1nnc(S)s1
561,C#Cc1ccc(N)cc1
562,C#Cc1cccc(N)c1
563,C=C1CCC(CN)CC1.Cl
564,C=CCOCCCN
565,CC(C)(C#N)c1ccc(N)cc1
566,CC(C)(C)c1nnc(CN)s1.Cl
567,CC(C)CC(C)(CN)NC(=O)c1cc(Cl)c(Cl)[nH]1.Cl
568,CC(C)NC(=O)NCCN.Cl.Cl
569,CC(CCN)S(C)=O
570,CC(CN)S(C)=O
571,CC(CN)c1c(Cl)cccc1Cl
572,CC1(C)CC(CN)C(C)(C)O1
573,CC1(CCCCN)OCCO1
574,CC1CC(CN)C(C)O1
575,CC1CN(S(=O)(=O)CCN)CC(C)O1
576,CCC1COCCN1CCN.Cl.Cl
577,CCN1CCN(Cc2ccc(N)nc2)CC1
578,CCOC(=O)c1cncnc1N
579,CCOc1cc2c(cc1CN)OC(C)C2.Cl
580,CCOc1ccnc(N)c1
581,CCSC1CCC1(O)CN
582,CN(C)C1(CN)CCSC1
583,CN(C)c1ncccc1CN.Cl.Cl
584,CN(CCN)C1CCOCC1
585,CN1C(=O)Cc2cc(CN)ccc21.Cl
586,CN1CC(CCN)CC1=O
587,CN1CCN(Cc2ccc(N)cc2C(F)(F)F)CC1
588,COC(=O)c1cc(N)cc(F)c1
589,COC(=O)c1cc(N)ccc1F
590,COC(=O)c1ccc(N)cc1OC
591,COC(=O)c1cccc(N)n1
592,COC(C)(CCN)OC
593,COC(CN)C1CCCOC1
594,COc1c(F)ccc(F)c1CN.Cl
595,COc1cc(Br)ccc1N
596,COc1cc(C#N)c(F)cc1N
597,COc1cc(CN)c2ccccc2n1
598,COc1cc(N)ccn1
599,COc1ccc(CN)cc1C#N.Cl
600,COc1cccc(F)c1CN
601,COc1ccccc1-c1nnc(N)s1
602,COc1ccccc1OCCCCN
603,COc1ccnc(N)c1
604,COc1ccncc1CN
605,COc1cncc(N)c1
606,COc1nc(Br)ccc1N
607,COc1ncc(N)cc1C(F)(F)F
608,CS(=O)(=O)Nc1cccc(N)c1
609,CS(=O)C1(CN)CCC1
610,CSC1(CN)CCOCC1.Cl
611,CSCc1nnc(CN)[nH]1.Cl
612,Cc1c([C@@H]2[C@@H](CN)CC(=O)N2C)cnn1C
613,Cc1cc(C#N)c(N)s1
614,Cc1cc(C)c(CN)c(=O)[nH]1.Cl
615,Cc1cc(CN)cc(Cl)n1.Cl.Cl
616,Cc1cc(N)ccc1F
617,Cc1cc(N)ccn1
618,Cc1cc(N)ncc1Cl
619,Cc1cc(N)nn1C
620,Cc1cc(N)nnc1Cl
621,Cc1ccc(N)c(CO)c1
622,Cc1ccc(N)c(Cl)n1
623,Cc1ccc(N)cc1Br
624,Cc1cccc(OCCCN)c1C.Cl
625,Cc1cccc2oc(CCN)nc12.Cl.Cl
626,Cc1ccccc1-c1csc(N)n1
627,Cc1cnc(O)c(N)c1
628,Cc1nc(Cl)ccc1N
629,Cc1nc(N)ccc1Cl
630,Cc1nncn1CCCN.Cl
631,Cc1sc(CCN)nc1-c1ccccc1.Cl.Cl
632,Cl.Cl.Cn1cncc1CN
633,Cl.Cl.NCC=Cc1cccnc1
634,Cl.Cl.NCCc1nccn1C(F)F
635,Cl.Cl.NCCc1nnc2c(=O)[nH]ccn12
636,Cl.Cl.NC[C@@H]1CCO[C@H]1c1cn[nH]c1
637,Cl.Cl.NCc1ccc(O)c2ncccc12
638,Cl.Cl.NCc1cccc(-n2ccnn2)c1
639,Cl.Cl.NCc1cncc(F)c1
640,Cl.Cl.NCc1nc2cnccc2s1
641,Cl.Cl.NCc1ncc[nH]1
642,Cl.Cn1cc(CN)c(=O)[nH]c1=O
643,Cl.Cn1cc(N)ccc1=O
644,Cl.NC1CCC(=O)CC1
645,Cl.NCC(=O)NCc1ccncc1
646,Cl.NCC(F)(F)C(F)(F)F
647,Cl.NCC(F)(F)C(N)=O
648,Cl.NCC1(F)CCOC1
649,Cl.NCC12CC3CC(CC(C3)C1)C2
650,Cl.NCC1C=CCC1
651,Cl.NCC1CC2(C1)CC2(F)F
652,Cl.NCC1CCCC1
653,Cl.NCC1CCOCC12CCCC2
654,Cl.NCCC1CC2(CCC2)CO1
655,Cl.NCCC1CCCC1(F)F
656,Cl.NCCCCN1C(=O)c2ccccc2C1=O
657,Cl.NCCCN1C(=O)CCC1=O
658,Cl.NCCCNC(=O)c1ccc(F)cc1
659,Cl.NCCOc1ccc(F)c(F)c1
660,Cl.NCCS(=O)(=O)c1ccc(Cl)cc1
661,Cl.NCCc1ccno1
662,Cl.NC[C@@H]1CCO[C@@H]1c1nc(C2CC2)no1
663,Cl.NCc1cc(C(F)(F)F)co1
664,Cl.NCc1cc2ccccc2[nH]c1=O
665,Cl.NCc1ccc(-c2nnn[nH]2)cc1
666,Cl.NCc1ccnc(C(N)=O)c1
667,Cl.NCc1nc(-c2ccco2)n[nH]1
668,Cl.NCc1nc2ccccc2c(=O)[nH]1
669,Cl.NCc1ncon1
670,Cl.NCc1nnc(-c2ccncc2)[nH]1
671,Cn1cc(C2(CN)CCCO2)cn1
672,Cn1cc(CN)cn1
673,Cn1ccc2cc(N)ccc21
674,Cn1cncc1C(CN)N1CCCC1
675,Cn1nccc1CN
676,N#CC1=C(N)CCC1
677,N#Cc1ccc(N)cc1
678,NC1=NC(=O)CS1
679,NCC1(C2CC2)CCCO1
680,NCC1(N2CCOCC2)CC1
681,NCC12CCCC(CO1)C2
682,NCC1CCC2CC2C1
683,NCCC1OCCc2ccccc21
684,NCCCc1cc(=O)[nH][nH]1
685,NCCN1CCCOCC1
686,NCCN1CC[C@@H](O)C1
687,NCCNC(=O)c1cccnc1
688,NCCc1ccncc1F
689,NCCc1coc2ccccc12
690,NCc1cc(=O)c(O)co1
691,NCc1ccc2[nH]ccc2c1
692,NCc1cccc(C(=O)N2CCCC2)c1
693,NCc1cccc(C(F)(F)F)n1
694,NCc1ccccc1CN1CCCC1=O
695,NCc1ccccn1
696,NCc1cn(-c2ccccc2)nc1-c1ccncc1
697,Nc1cc(Cl)c(F)c(Cl)c1
698,Nc1cc(Cl)c(O)c(Cl)c1
699,Nc1cc(Cl)ccc1F
700,Nc1cc(Cl)nc(Cl)n1
701,Nc1cc(F)c(F)c(F)c1
702,Nc1cc(F)ccn1
703,Nc1cc(N2CCCC2)ccn1
704,Nc1cc2cccnc2c2ncccc12
705,Nc1ccc(-c2cnco2)cc1
706,Nc1ccc(-n2cncn2)cc1
707,Nc1ccc(C(=O)N2CCOCC2)cc1
708,Nc1ccc(Cl)c(F)c1
709,Nc1ccc(Cl)nc1Cl
710,Nc1ccc(Cn2ccnc2)cc1
711,Nc1ccc(F)cn1
712,Nc1ccc(N2CCOCC2)cn1
713,Nc1ccc([N+](=O)[O-])c(C(F)(F)F)c1
714,Nc1ccc([N+](=O)[O-])c(F)c1
715,Nc1ccc2[nH]c(=O)[nH]c2c1
716,Nc1ccc2c(c1)C(O)CCC2
717,Nc1ccc2c(c1)CC(=O)N2
718,Nc1ccc2c(c1)OCO2
719,Nc1ccc2c(c1)oc1ccccc12
720,Nc1ccc2cc(Br)ccc2c1
721,Nc1cccc(N2CCCC2)c1
722,Nc1ccccc1-c1nnn[nH]1
723,Nc1cccnc1Cl
724,Nc1cccnc1F
725,Nc1cccnc1[N+](=O)[O-]
726,Cc1cscc1CN
727,Cc1nc(CCN)sc1C
728,Cc1nc(Cl)c(N)c(Cl)n1
729,Cl.Cl.NCC(O)c1ccncc1
730,Cn1c(=O)cc(N)[nH]c1=O
731,Cn1ccc(S(=O)(=O)NCCN)c1
732,Cn1nccc1N
733,N#Cc1cnn(-c2ccccc2)c1N
734,N#Cc1nc[nH]c1N
735,NCCOc1cccnc1
736,NCc1cc(C(F)F)on1
737,NCc1ccc(N2CCOCC2)cc1C(F)(F)F
738,NCc1ccc(Oc2cccnc2)c(F)c1
739,NCc1nc(-c2ccsc2)no1
740,Nc1c(O)ncnc1O
741,Nc1cc(Cl)nc(Cl)c1[N+](=O)[O-]
742,Nc1cn2nc(Cl)ccc2n1
743,Nc1nc(Br)cn2ccnc12
744,Nc1nc(Cl)c2[nH]cnc2n1
745,Nc1nc(Cl)c2cc[nH]c2n1
746,Nc1nc(Cl)c2cn[nH]c2n1
747,Nc1nc2c(s1)COCC2
748,Nc1nc2ccc(Cl)cc2o1
749,Nc1nc2ccc(Cl)cc2s1
750,Nc1nc2ccccc2[nH]1
751,Nc1nccc(=O)[nH]1
752,Nc1ncnc(Cl)c1Cl
753,Br.Br.NCC1CCCN1c1cccnn1
754,Br.NCc1cccc(Br)n1
755,CC(C)c1nc(N)sc1Br
756,CC(CN)Sc1ccccc1
757,CCOC(=O)c1c(C)csc1N
758,CCOC(=O)c1cc(N)[nH]n1
759,CCOC(=O)c1cnc(N)[nH]1
760,CCOC(=O)c1coc(N)n1
761,CCOC(=O)c1nonc1N
762,COC(=O)c1c[nH]c(C(=O)OC)c1N
763,COC(=O)c1c[nH]nc1N
764,COC(=O)c1ccsc1N
765,COC(=O)c1sc(C)cc1N
766,COc1cc2nc(Cl)nc(N)c2cc1OC
767,COc1ccc2nc(N)sc2c1
768,COc1nc(C)ccc1CN
769,Cc1cc(CN)c(C)s1
770,Cc1cc(N)n[nH]1
771,C#CC[C@H](NC(=O)OCC1c2ccccc2-c2ccccc21)C(=O)O
772,CCS(=O)(=O)c1cc(C(=O)O)c(OC)cc1NC(=O)OCC1c2ccccc2-c2ccccc21
773,Cc1cccc(NC(=O)OCC2c3ccccc3-c3ccccc32)c1C(=O)O
774,O=C(NC(CCc1ccccc1)C(=O)O)OCC1c2ccccc2-c2ccccc21
775,O=C(N[C@@H](C(=O)O)C1CCCC1)OCC1c2ccccc2-c2ccccc21
776,O=C(N[C@@H](C(=O)O)C1CCCCC1)OCC1c2ccccc2-c2ccccc21
777,O=C(N[C@@H](Cc1c(F)c(F)c(F)c(F)c1F)C(=O)O)OCC1c2ccccc2-c2ccccc21
778,O=C(N[C@@H](Cc1ccc(Cl)c(Cl)c1)C(=O)O)OCC1c2ccccc2-c2ccccc21
779,O=C(N[C@H](C(=O)O)C1CC1)OCC1c2ccccc2-c2ccccc21
780,O=C(N[C@H](Cc1ccc(Cl)cc1)C(=O)O)OCC1c2ccccc2-c2ccccc21
781,O=C(N[C@H](Cc1ccccc1Cl)C(=O)O)OCC1c2ccccc2-c2ccccc21
782,O=C(N[C@H](Cc1csc2ccccc12)C(=O)O)OCC1c2ccccc2-c2ccccc21
783,O=C(Nc1c(Br)cccc1C(=O)O)OCC1c2ccccc2-c2ccccc21
784,O=C(Nc1c(C(=O)O)cccc1C(=O)O)OCC1c2ccccc2-c2ccccc21
785,O=C(Nc1c(I)c(C(=O)O)c(I)c(C(=O)O)c1I)OCC1c2ccccc2-c2ccccc21
786,O=C(Nc1cc(Br)cnc1C(=O)O)OCC1c2ccccc2-c2ccccc21
787,O=C(Nc1cc(F)ccc1C(=O)O)OCC1c2ccccc2-c2ccccc21
788,O=C(Nc1ccc(C(=O)O)c(C(=O)O)c1)OCC1c2ccccc2-c2ccccc21
789,O=C(Nc1ccc(C(=O)O)c([N+](=O)[O-])c1)OCC1c2ccccc2-c2ccccc21
790,O=C(Nc1ccc(C(=O)O)cc1Cl)OCC1c2ccccc2-c2ccccc21
791,O=C(Nc1ccc(C(=O)O)nc1)OCC1c2ccccc2-c2ccccc21
792,O=C(Nc1ccc(I)cc1C(=O)O)OCC1c2ccccc2-c2ccccc21
793,O=C(Nc1cccc(-c2cccc(C(=O)O)c2)c1O)OCC1c2ccccc2-c2ccccc21
794,O=C(Nc1cccc([N+](=O)[O-])c1C(=O)O)OCC1c2ccccc2-c2ccccc21
795,O=C(Nc1cncc(C(=O)O)n1)OCC1c2ccccc2-c2ccccc21
796,O=C(Nc1nc2ncc(CNc3ccc(C(=O)O)cc3)nc2c(=O)[nH]1)OCC1c2ccccc2-c2ccccc21
797,O=C(O)CC1(CNC(=O)OCC2c3ccccc3-c3ccccc32)CCCCC1
798,O=C(O)C[C@@H](Cc1ccc(I)cc1)NC(=O)OCC1c2ccccc2-c2ccccc21
799,O=C(O)C[C@@H](Cc1ccccc1Cl)NC(=O)OCC1c2ccccc2-c2ccccc21
800,O=C(O)C[C@@H](NC(=O)OCC1c2ccccc2-c2ccccc21)c1cccs1
801,O=C(O)C[C@H](Cc1ccc(Br)cc1)NC(=O)OCC1c2ccccc2-c2ccccc21
802,O=C(O)C[C@H](NC(=O)OCC1c2ccccc2-c2ccccc21)c1cccc(Cl)c1Cl
803,O=C(O)[C@@H]1CCCCN1C(=O)OCC1c2ccccc2-c2ccccc21
804,O=C(O)[C@H]1CC2CCCCC2N1C(=O)OCC1c2ccccc2-c2ccccc21
805,CC(C)(C)OC(=O)CC(NC(=O)OCC1c2ccccc2-c2ccccc21)C(=O)O
806,CCOc1cc(NC(=O)OCC2c3ccccc3-c3ccccc32)c(Cl)cc1C(=O)O
807,COC(=O)CC(NC(=O)OCC1c2ccccc2-c2ccccc21)C(=O)O
808,COc1cc(C(=O)O)c(N)cc1NC(=O)OCC1c2ccccc2-c2ccccc21
809,Cc1cccc(C(=O)O)c1NC(=O)OCC1c2ccccc2-c2ccccc21
810,O=C(NC1(C(=O)O)CCc2ccccc21)OCC1c2ccccc2-c2ccccc21
811,O=C(N[C@@H](CC1CC1)C(=O)O)OCC1c2ccccc2-c2ccccc21
812,O=C(N[C@@H](Cc1ccc(Br)cc1)C(=O)O)OCC1c2ccccc2-c2ccccc21
813,O=C(N[C@@H](Cc1ccc([N+](=O)[O-])cc1)C(=O)O)OCC1c2ccccc2-c2ccccc21
814,O=C(Nc1c(C(=O)O)cnn1-c1ccc(F)cc1)OCC1c2ccccc2-c2ccccc21
815,O=C(Nc1c(F)cc(C(=O)O)cc1F)OCC1c2ccccc2-c2ccccc21
816,O=C(Nc1c(I)cccc1C(=O)O)OCC1c2ccccc2-c2ccccc21
817,O=C(Nc1cc(C(=O)O)cc(C(=O)O)c1)OCC1c2ccccc2-c2ccccc21
818,O=C(Nc1cc2ccccc2cc1C(=O)O)OCC1c2ccccc2-c2ccccc21
819,O=C(Nc1ccc(Br)c(C(=O)O)c1)OCC1c2ccccc2-c2ccccc21
820,O=C(Nc1ccc(C(=O)O)cc1O)OCC1c2ccccc2-c2ccccc21
821,O=C(Nc1ccc(Cl)nc1C(=O)O)OCC1c2ccccc2-c2ccccc21
822,O=C(Nc1ccc(F)c(C(=O)O)c1F)OCC1c2ccccc2-c2ccccc21
823,O=C(Nc1cccc(Br)c1C(=O)O)OCC1c2ccccc2-c2ccccc21
824,O=C(Nc1cccc(C(=O)O)c1)OCC1c2ccccc2-c2ccccc21
825,O=C(Nc1cccc(F)c1C(=O)O)OCC1c2ccccc2-c2ccccc21
826,O=C(Nc1cccnc1C(=O)O)OCC1c2ccccc2-c2ccccc21
827,O=C(Nc1ncc(Br)cc1C(=O)O)OCC1c2ccccc2-c2ccccc21
828,O=C(O)C[C@@H](NC(=O)OCC1c2ccccc2-c2ccccc21)c1cccc(Cl)c1
829,O=C(O)C[C@H](Cc1ccc(Cl)c(Cl)c1)NC(=O)OCC1c2ccccc2-c2ccccc21
830,C#CC[C@@](C)(NC(=O)OCC1c2ccccc2-c2ccccc21)C(=O)O
831,C=CCC(NC(=O)OCC1c2ccccc2-c2ccccc21)C(=O)O
832,Cc1ccc(C(=O)O)cc1NC(=O)OCC1c2ccccc2-c2ccccc21
833,N#Cc1ccc(C[C@H](NC(=O)OCC2c3ccccc3-c3ccccc32)C(=O)O)cc1
834,O=C(CC[C@H](NC(=O)OCC1c2ccccc2-c2ccccc21)C(=O)O)OC1CCCCC1
835,O=C(N[C@@H](Cc1ccc(Cl)cc1Cl)C(=O)O)OCC1c2ccccc2-c2ccccc21
836,O=C(N[C@@H](Cc1ccc(I)cc1)C(=O)O)OCC1c2ccccc2-c2ccccc21
837,O=C(N[C@@H](Cc1cscn1)C(=O)O)OCC1c2ccccc2-c2ccccc21
838,O=C(N[C@H]1CCC[C@@H]1C(=O)O)OCC1c2ccccc2-c2ccccc21
839,O=C(Nc1c(Br)cc(F)cc1C(=O)O)OCC1c2ccccc2-c2ccccc21
840,O=C(Nc1c(Cl)cc(F)cc1C(=O)O)OCC1c2ccccc2-c2ccccc21
841,O=C(Nc1c(OC(F)(F)F)cccc1C(=O)O)OCC1c2ccccc2-c2ccccc21
842,O=C(Nc1cc(C(=O)O)ccc1Br)OCC1c2ccccc2-c2ccccc21
843,O=C(Nc1ncc(C(=O)O)s1)OCC1c2ccccc2-c2ccccc21
844,O=C(O)C1c2ccccc2CN1C(=O)OCC1c2ccccc2-c2ccccc21
845,O=C(O)CNC(=O)OCC1c2ccccc2-c2ccccc21
846,O=C(O)C[C@@H](Cc1ccc(F)cc1)NC(=O)OCC1c2ccccc2-c2ccccc21
847,O=C(O)Cc1ccc(NC(=O)OCC2c3ccccc3-c3ccccc32)cc1
848,O=C(O)[C@H]1CCN1C(=O)OCC1c2ccccc2-c2ccccc21
849,Nc1ccnc(Cl)n1
850,Nc1ccncc1Cl
851,Nc1cnc(Cl)cn1
852,Nc1cnc(Cl)nc1
853,Nc1cnccn1
854,Nc1nc(-c2ccc(Cl)cc2)cs1
855,Nc1nc(C2CC2)cs1
856,Nc1nc(Cl)ccc1Cl
857,Nc1nccc(-c2cccnc2)n1
858,Nc1nccs1
859,Nc1nncs1
860,C#CCOc1cccc(CN)c1.Cl
861,C=CCOC(C)CN
862,C=CCOCCN
863,CC(=O)Nc1cccc(N)n1
864,CC(=O)c1ccc(N)c(F)c1
865,CC(C)(C)OC(=O)N1Cc2c(N)n[nH]c2C1(C)C
866,CC(C)(CN)CCS(C)(=O)=O.Cl
867,CC(CN)OC(C)(C)C.Cl
868,CC1(C)CC(CCN)C(=O)N1.Cl
869,CC1(C)NC(=O)N(CCCN)C1=O.Cl
870,CC1CN(c2cc(CN)ccn2)CCO1
871,CCC(CN)Oc1ccccc1C.Cl
872,CCN(CCCN)S(C)(=O)=O
873,CCOC(=O)c1cccnc1N
874,CCOC(=O)c1ncccc1N
875,CN1CC(CN)CC1=O
876,CN1CCN(Cc2ccccc2N)CC1
877,CN1CCO[C@@H](CN)[C@@H]1c1cnn(C)c1
878,CNC(=O)COCCN.Cl
879,COC(=O)c1cc(F)c(F)cc1N
880,COC(=O)c1cc(N)ccc1C
881,COC(=O)c1cc(OC)c(OC)cc1N
882,COC(=O)c1ccc(N)cc1C
883,COC(=O)c1cncc(N)c1
884,COC(=O)c1cscc1N.Cl
885,COC(=O)c1occc1N
886,COC(CN)CC(N)=O.Cl
887,COC1(CN)CCOC1.Cl
888,COCCNC(=O)CN.Cl
889,CO[C@@H]1COC[C@H]1n1cc(CN)nn1.Cl
890,COc1c(F)cc(N)cc1F
891,COc1c(N)cccc1F
892,COc1cc(C)c(N)cn1
893,COc1cc(F)c(Cl)cc1N
894,COc1cc(N)cc(OC)c1
895,COc1cc2c(cc1CN)OCO2
896,COc1ccc(C)nc1CN.Cl.Cl
897,COc1ccc(Cl)c(N)c1.Cl
898,COc1ccc(N)cc1[N+](=O)[O-]
899,COc1cccc(N)n1
900,COc1cnc(N)nc1
901,COc1cncc(N)n1
902,COc1ncccc1N
903,CS(=O)(=O)NC1CCCC1CN.Cl
904,CS(=O)CC(O)CN.Cl
905,CSc1ccc(CN)o1.Cl
906,Cc1c(CN)oc2ccc(F)cc12.Cl
907,Cc1cc(C)nc(N)n1
908,Cc1cc(Cl)nnc1N
909,Cc1cc(N)cc(Cl)c1
910,Cc1cc(N)cc(F)c1
911,Cc1cc(N)ccc1Cl
912,Cc1cc(N)ccc1O
913,Cc1cc(N)cnc1Br
914,Cc1cc(N)ncn1
915,Cc1cc(O)cc(C)c1N
916,Cc1cc(O)ccc1N
917,Cc1cc([N+](=O)[O-])c(N)cc1Cl
918,Cc1ccc(C#N)cc1N
919,Cc1ccc(Cl)c(N)c1
920,Cc1ccc(N)nn1
921,Cc1ccc(S(C)(=O)=O)cc1N
922,Cc1ccnc(N)c1
923,Cc1ccncc1N
924,Cc1cnc(CCN)s1.Cl.Cl
925,Cc1cnc(Cl)nc1N
926,Cc1cnc(N)cn1
927,Cc1csc(N)n1
928,Cc1nc(CN)oc1C.Cl.Cl
929,Cc1ncccc1N
930,Cl.Cl.NCC(=O)Nc1nccs1
931,Cl.Cl.NCC1(N2CCOCC2)CCOCC1
932,Cl.Cl.NCC1(c2ccncc2)CC1
933,Cl.Cl.NCC1CCN(CC(F)F)CC1
934,Cl.Cl.NCCn1cccnc1=O
935,Cl.Cl.NCCn1cnc2ccsc2c1=O
936,Cl.Cl.NCc1ccc2ccccc2n1
937,Cl.Cl.NCc1ccc[n+]([O-])c1
938,Cl.Cl.NCc1ccncc1C(F)(F)F
939,Cl.Cl.NCc1cn2cc(Br)ccc2n1
940,Cl.Cl.NCc1nc2c(F)c(F)ccc2[nH]1
941,Cl.Cl.NCc1ncccc1F
942,Cl.Cn1cc(CN)c(Br)n1
943,Cl.N#Cc1ccc(CN)nc1
944,Cl.NCC1CC12CCOCC2
945,Cl.NCC1CC2CC1C1CC21
946,Cl.NCC1CCCC2(CCC2)C1O
947,Cl.NCC1CCCOC1
948,Cl.NCC1OCCc2ccsc21
949,Cl.NCCC1CC1
950,Cl.NCCCCF
951,Cl.NCCCOc1cccc(F)c1
952,Cl.NCCC[C@@H]1NC(=O)NC1=O
953,Cl.NCCN1C(=O)SC(=Cc2cccs2)C1=O
954,Cl.NCCNC(N)=O
955,Cl.NCCS(=O)(=O)C1CCOCC1
956,Cl.NCCn1cnc2sccc2c1=O
957,Cl.NCc1cc(F)c(Cl)cc1F
958,Cl.NCc1ccc[nH]1
959,Cl.NCc1ccsc1C(F)(F)F
960,Cl.NCc1cnc(Cl)s1
961,Cl.NCc1cnc2n1CCOC2
962,Cl.NCc1cocn1
963,Cl.NCc1nnc2ncccn12
964,Cl.Nc1ccc2cccnc2c1
965,Cn1ccnc1N
966,Cn1nccc1CN1C[C@@H](F)C[C@H]1CN
967,N#Cc1cc(F)ccc1N
968,N#Cc1cc(N)ccc1Cl
969,N#Cc1cccc(N)n1
970,N#Cc1ccccc1N
971,N#Cc1cncnc1N
972,NCC(O)COc1ccccc1Br
973,NCC1(CO)CC2C=CC1C2
974,NCC1(CO)CC=CC1
975,NCC1(O)CC1
976,NCC1(O)CCSC1
977,NCC1(OCCO)CCC1
978,NCC1CC2(CC2)CO1
979,NCC1CCC(F)(F)CC1
980,NCC1CCCCC(F)(F)C1
981,NCC1CN2CCN1CC2
982,NCCC(=O)N1CCN(c2ccccn2)CC1
983,NCCC(O)C1CCCC1
984,NCCC1CCOC1
985,NCCC1CSC1
986,NCCN1CC2CCC1C2
987,NCC[C@@H]1COC[C@H]1O
988,NC[C@]1(CO)COC[C@H]2CCCN21
989,NCc1c(Br)cncc1Br
990,NCc1c(F)cccc1N1CCCC1
991,NCc1c[nH]c2ccccc12
992,NCc1cc(-c2ccccc2)[nH]n1
993,NCc1cccc(C(F)(F)F)c1
994,NCc1cccc(N2CCOCC2)c1
995,NCc1ccccc1CS(=O)(=O)N1CCOCC1
996,NCc1cccnc1N1CCC(C(N)=O)CC1
997,NCc1cccnc1OC(F)F
998,NCc1ccncn1
999,NCc1cnn(Cc2ccccc2)c1
1000,Nc1c2c(cc3c1CCC3)CCC2
1001,Nc1c2ccccc2nc2ccccc12
1002,Nc1cc(-c2cccc(Br)c2)no1
1003,Nc1cc(-c2ccccc2)[nH]n1
1004,Nc1cc(Br)ccn1
1005,Nc1cc(C(F)(F)F)cc(C(F)(F)F)c1
1006,Nc1cc(C(F)(F)F)cnc1Cl
1007,Nc1cc(CO)ccn1
1008,Nc1cc(Cl)c([N+](=O)[O-])cn1
1009,Nc1cc(Cl)cnc1Cl
1010,Nc1cc(F)cc(F)c1
1011,Nc1cc(F)cc(F)c1[N+](=O)[O-]
1012,Nc1ccc(Br)c(F)n1
1013,Nc1ccc(CC2COC(=O)N2)cc1
1014,Nc1ccc(Cl)cn1
1015,Nc1ccc(Cl)nc1
1016,Nc1ccc(F)cc1CO
1017,Nc1ccc(F)cc1Cl
1018,Nc1ccc(N2CCC=C(N3CCOCC3)C2=O)cc1
1019,Nc1ccc(N2CCOCC2)cc1
1020,Nc1ccc(N2CCOCC2=O)cc1
1021,Nc1ccc(OC(F)F)cc1
1022,Nc1ccc2c(c1)C(=O)CCC2
1023,Nc1ccc2c(c1)CCC2=O
1024,Nc1ccc2c(c1)CNCC2
1025,Nc1ccc2c(c1)COC2=O
1026,Nc1ccc2cn[nH]c2c1
1027,Nc1ccc2ncoc2c1
1028,Nc1cccc(OC(F)F)c1
1029,Nc1cccc2[nH]ccc12
1030,Nc1cccc2c1C(=O)N(C1CCC(=O)NC1=O)C2=O
1031,Nc1cccc2ncccc12
1032,Nc1cccc2ocnc12
1033,Cc1ccsc1CN
1034,Cc1cnc(CN)s1
1035,Cc1nc(CN)sc1C
1036,Cl.NCCC(=O)NCc1ccccc1
1037,Cl.NCc1cc(Br)no1
1038,Cn1ccc(N)n1
1039,Cn1ncc(C#N)c1N
1040,NCC(c1cccc(F)c1)N1CCOCC1
1041,NCC(c1cccs1)N1CCOCC1
1042,NCC1(c2ccc(Cl)cc2Cl)CCCC1
1043,NCC1CS(=O)(=O)c2ccccc21
1044,NCC1CSCCN1Cc1ccccc1
1045,NCCC(=O)NCc1ccncc1
1046,NCc1cc2c(s1)CCSC2
1047,NCc1ccc(CN2CCCC2=O)cc1
1048,NCc1ccsc1Br
1049,NCc1cn2cc(Cl)ccc2n1
1050,NCc1cnc(-c2ccccc2)s1
1051,NCc1cnns1
1052,NCc1nc2c(s1)CCCC2
1053,NCc1nc2c(s1)CCCCC2
1054,NCc1nc2ccccc2s1
1055,NCc1nccs1
1056,NCc1noc2c1COCC2
1057,NCc1sncc1Br
1058,Nc1cc(=O)[nH]c(=S)[nH]1
1059,Nc1cc(C2CC2)[nH]n1
1060,Nc1cccc(OCc2ccccc2)c1
1061,Nc1nc(F)nc2nc[nH]c12
1062,Nc1nc(OCc2ccccc2)c2nc[nH]c2n1
1063,Nc1ncnc2[nH]cnc12
1064,CC(C)(C)OC(=O)N1CCC(n2cc(N)cn2)CC1
1065,CC(C)(C)c1cc(N)n[nH]1
1066,CC(O)(CN)c1ccsc1
1067,CCC1=NN(Cc2ccccc2C)C(=O)C1CCN
1068,CCOC(=O)c1c[nH]nc1N
1069,CCOC(=O)c1cnn(C)c1N
1070,CCOC(=O)c1sc(N)nc1C
1071,CCSc1ccc(CN)cc1
1072,CN(C)C(CN)c1ccco1
1073,COC(=O)c1ccc2nc(N)sc2c1
1074,COC(=O)c1nc(N)sc1Br
1075,COC(=O)c1scc(C)c1N
1076,COc1nc(C)nc(N)n1
1077,CSc1nnc(CN)s1
1078,Cc1cc2cc(CN)ccc2[nH]1
1079,Cc1ccc(CN)n1C
1080,Cc1ccc(CN)nc1C.Cl.Cl
1081,Cc1cccc(CCCN)n1
1082,C=CCC(CC=C)(NC(=O)OCC1c2ccccc2-c2ccccc21)C(=O)O
1083,CC(=O)c1ccc(C[C@H](NC(=O)OCC2c3ccccc3-c3ccccc32)C(=O)O)cc1
1084,CC(C)(C)OC(=O)N1C[C@@H](NC(=O)OCC2c3ccccc3-c3ccccc32)[C@H](C(=O)O)C1
1085,CCC(C)C(NC(=O)OCC1c2ccccc2-c2ccccc21)C(=O)O
1086,COc1cc(NC(=O)OCC2c3ccccc3-c3ccccc32)c(C(=O)O)c(OC)c1
1087,Cc1cc(Br)c(NC(=O)OCC2c3ccccc3-c3ccccc32)c(C(=O)O)c1
1088,Cc1cc(Br)cc(C(=O)O)c1NC(=O)OCC1c2ccccc2-c2ccccc21
1089,N#Cc1ccc(C[C@H](CC(=O)O)NC(=O)OCC2c3ccccc3-c3ccccc32)cc1
1090,O=C(NC1(C(=O)O)CCCC1)OCC1c2ccccc2-c2ccccc21
1091,O=C(NC1(C(=O)O)CCCCC1)OCC1c2ccccc2-c2ccccc21
1092,O=C(N[C@@H]1CC[C@H](C(=O)O)C1)OCC1c2ccccc2-c2ccccc21
1093,O=C(N[C@H](C(=O)O)c1ccsc1)OCC1c2ccccc2-c2ccccc21
1094,O=C(N[C@H]1CC[C@H](C(=O)O)CC1)OCC1c2ccccc2-c2ccccc21
1095,O=C(Nc1c(C(=O)O)sc2ncccc12)OCC1c2ccccc2-c2ccccc21
1096,O=C(Nc1cc(Br)c(Cl)cc1C(=O)O)OCC1c2ccccc2-c2ccccc21
1097,O=C(Nc1cc(C(=O)O)ccc1C(F)(F)F)OCC1c2ccccc2-c2ccccc21
1098,O=C(Nc1cc(F)c(Br)cc1C(=O)O)OCC1c2ccccc2-c2ccccc21
1099,O=C(Nc1ccc(Br)cc1C(=O)O)OCC1c2ccccc2-c2ccccc21
1100,O=C(Nc1ccc(C(=O)O)cn1)OCC1c2ccccc2-c2ccccc21
1101,O=C(Nc1ccc(F)cc1C(=O)O)OCC1c2ccccc2-c2ccccc21
1102,O=C(Nc1cccc(Cl)c1C(=O)O)OCC1c2ccccc2-c2ccccc21
1103,O=C(Nc1ccccc1C(=O)c1ccccc1C(=O)O)OCC1c2ccccc2-c2ccccc21
1104,O=C(Nc1cnc(Cl)cc1C(=O)O)OCC1c2ccccc2-c2ccccc21
1105,O=C(Nc1nc(C(F)(F)F)c(C(=O)O)s1)OCC1c2ccccc2-c2ccccc21
1106,O=C(O)C1CCCN1C(=O)OCC1c2ccccc2-c2ccccc21
1107,O=C(O)COc1cccc(-c2csc(NC(=O)OCC3c4ccccc4-c4ccccc43)n2)c1
1108,O=C(O)C[C@@H](Cc1ccc([N+](=O)[O-])cc1)NC(=O)OCC1c2ccccc2-c2ccccc21
1109,O=C(O)C[C@@H]1CCCN1C(=O)OCC1c2ccccc2-c2ccccc21
1110,O=C(O)C[C@H](Cc1ccc(C(F)(F)F)cc1)NC(=O)OCC1c2ccccc2-c2ccccc21
1111,O=C(O)C[C@H](Cc1ccc(I)cc1)NC(=O)OCC1c2ccccc2-c2ccccc21
1112,O=C(O)C[C@H](Cc1ccc([N+](=O)[O-])cc1)NC(=O)OCC1c2ccccc2-c2ccccc21
1113,O=C(O)C[C@H]1CCCN1C(=O)OCC1c2ccccc2-c2ccccc21
1114,O=C(O)[C@H]1COCCN1C(=O)OCC1c2ccccc2-c2ccccc21
1115,C=CC[C@@H](NC(=O)OCC1c2ccccc2-c2ccccc21)C(=O)O
1116,CC(C)CC(NC(=O)OCC1c2ccccc2-c2ccccc21)C(=O)O
1117,CN(C(=O)OCC1c2ccccc2-c2ccccc21)[C@@H](CC1CCCCC1)C(=O)O
1118,Cc1cc(Br)c(C(=O)O)cc1NC(=O)OCC1c2ccccc2-c2ccccc21
1119,N#Cc1ccc(C[C@@H](CC(=O)O)NC(=O)OCC2c3ccccc3-c3ccccc32)cc1
1120,O=C(NC(CC1CCCCC1)C(=O)O)OCC1c2ccccc2-c2ccccc21
1121,O=C(NC1(C(=O)O)CCC1)OCC1c2ccccc2-c2ccccc21
1122,O=C(NCc1cccc(C(=O)O)c1)OCC1c2ccccc2-c2ccccc21
1123,O=C(Nc1c(Br)cc(C(=O)O)cc1Br)OCC1c2ccccc2-c2ccccc21
1124,O=C(Nc1ccc(C(=O)O)c(C(F)(F)F)c1)OCC1c2ccccc2-c2ccccc21
1125,O=C(Nc1ccc(C(F)(F)F)cc1C(=O)O)OCC1c2ccccc2-c2ccccc21
1126,O=C(Nc1cccc(I)c1C(=O)O)OCC1c2ccccc2-c2ccccc21
1127,O=C(Nc1ccnc(C(=O)O)c1)OCC1c2ccccc2-c2ccccc21
1128,O=C(Nc1nc(-c2ccc(C(=O)O)cc2)cs1)OCC1c2ccccc2-c2ccccc21
1129,O=C(Nc1nc(Cl)ccc1C(=O)O)OCC1c2ccccc2-c2ccccc21
1130,O=C(Nc1ncc(Br)nc1C(=O)O)OCC1c2ccccc2-c2ccccc21
1131,O=C(O)CC1(NC(=O)OCC2c3ccccc3-c3ccccc32)CCCCC1
1132,O=C(O)C[C@H](Cc1cccs1)NC(=O)OCC1c2ccccc2-c2ccccc21
1133,O=C(O)[C@H]1CCCCN1C(=O)OCC1c2ccccc2-c2ccccc21
1134,CS(=O)(=O)c1ccc(C(=O)O)c(NC(=O)OCC2c3ccccc3-c3ccccc32)c1
1135,Cc1c(Br)ccc(C(=O)O)c1NC(=O)OCC1c2ccccc2-c2ccccc21
1136,Cn1cc(C[C@@H](NC(=O)OCC2c3ccccc3-c3ccccc32)C(=O)O)c2ccccc21
1137,O=C(NC1(C(=O)O)CCOCC1)OCC1c2ccccc2-c2ccccc21
1138,O=C(N[C@@H](Cc1cc(F)c(F)c(F)c1)C(=O)O)OCC1c2ccccc2-c2ccccc21
1139,O=C(N[C@H](CCC1CCCCC1)C(=O)O)OCC1c2ccccc2-c2ccccc21
1140,O=C(N[C@H](Cc1ccc(Cl)c(Cl)c1)C(=O)O)OCC1c2ccccc2-c2ccccc21
1141,O=C(Nc1c(F)ccc(Br)c1C(=O)O)OCC1c2ccccc2-c2ccccc21
1142,O=C(O)C[C@H](NC(=O)OCC1c2ccccc2-c2ccccc21)c1ccc(F)cc1
1143,O=C(O)[C@@H]1CCCN1C(=O)[C@@H]1CCCN1C(=O)OCC1c2ccccc2-c2ccccc21
1144,O=C(O)[C@@H]1Cc2ccccc2CN1C(=O)OCC1c2ccccc2-c2ccccc21
